idT;nom;prenom;age;adresse;courriel;numTel;adressePostale;idCr;idOA;idOT;idCT
1001;Martin;Jacques;54;1 Rue A;jacques@tenrac.fr;0600000001;75001;1;1;5;NULL
1002;Bernard;Alain;55;2 Rue B;alain@tenrac.fr;0600000002;75002;2;2;NULL;2
1003;Thomas;Michel;60;3 Rue C;michel@tenrac.fr;0600000003;75003;3;3;7;NULL
1004;Petit;Robert;65;4 Rue D;robert@tenrac.fr;0600000004;75004;4;4;NULL;4
1005;Richard;Jean;58;5 Rue E;jean@tenrac.fr;0600000005;75005;5;5;9;NULL
1006;Durand;Pierre;56;6 Rue F;pierre@tenrac.fr;0600000006;75006;6;6;NULL;6
1007;Dubois;Claude;70;7 Rue G;claude@tenrac.fr;0600000007;75007;7;7;11;NULL
1008;Moreau;Yves;62;8 Rue H;yves@tenrac.fr;0600000008;75008;8;8;NULL;8
1009;Laurent;Paul;59;9 Rue I;paul@tenrac.fr;0600000009;75009;9;9;13;NULL
1010;Simon;Gilles;54;10 Rue J;gilles@tenrac.fr;0600000010;75010;10;10;NULL;10
1011;Michel;Daniel;61;11 Rue K;daniel@tenrac.fr;0600000011;75011;11;11;15;NULL
1012;Lefevre;Marc;63;12 Rue L;marc@tenrac.fr;0600000012;75012;12;12;NULL;12
1013;Leroy;Luc;68;13 Rue M;luc@tenrac.fr;0600000013;75013;13;13;17;NULL
1014;Roux;Denis;57;14 Rue N;denis@tenrac.fr;0600000014;75014;14;14;NULL;14
1015;David;Patrick;55;15 Rue O;patrick@tenrac.fr;0600000015;75015;15;15;19;NULL
1016;Fontaine;Herve;64;16 Rue P;herve@tenrac.fr;0600000016;75016;16;16;NULL;16
1017;Rousseau;Pascal;66;17 Rue Q;pascal@tenrac.fr;0600000017;75017;17;17;21;NULL
1018;Vincent;Thierry;59;18 Rue R;thierry@tenrac.fr;0600000018;75018;18;18;NULL;18
1019;Muller;Bruno;60;19 Rue S;bruno@tenrac.fr;0600000019;75019;19;19;23;NULL
1020;Lefevre;Eric;71;20 Rue T;eric@tenrac.fr;0600000020;75020;20;20;NULL;20
1021;Blanc;Philippe;54;21 Rue U;philippe@tenrac.fr;0600000021;75021;1;1;5;NULL
1022;Garnier;Christian;67;22 Rue V;christian@tenrac.fr;0600000022;75022;2;2;NULL;2
1023;Chevalier;Guy;56;23 Rue W;guy@tenrac.fr;0600000023;75023;3;3;7;NULL
1024;Francois;Didier;62;24 Rue X;didier@tenrac.fr;0600000024;75024;4;4;NULL;4
1025;Legrand;Laurent;58;25 Rue Y;laurent@tenrac.fr;0600000025;75025;5;5;9;NULL
1026;Gauthier;Stephane;59;26 Rue Z;stephane@tenrac.fr;0600000026;75026;6;6;NULL;6
1027;Garcia;Roland;65;27 Rue AA;roland@tenrac.fr;0600000027;75027;7;7;11;NULL
1028;Perrin;Maurice;69;28 Rue AB;maurice@tenrac.fr;0600000028;75028;8;8;NULL;8
1029;Robin;Dominique;55;29 Rue AC;dominique@tenrac.fr;0600000029;75029;9;9;13;NULL
1030;Clement;Gerard;72;30 Rue AD;gerard@tenrac.fr;0600000030;75030;10;10;NULL;10
1031;Morin;Bernard;61;31 Rue AE;bernard@tenrac.fr;0600000031;75031;11;11;15;NULL
1032;Nicolas;Marcel;74;32 Rue AF;marcel@tenrac.fr;0600000032;75032;12;12;NULL;12
1033;Henry;Charles;66;33 Rue AG;charles@tenrac.fr;0600000033;75033;13;13;17;NULL
1034;Roussel;Georges;76;34 Rue AH;georges@tenrac.fr;0600000034;75034;14;14;NULL;14
1035;Mathieu;Albert;54;35 Rue AI;albert@tenrac.fr;0600000035;75035;15;15;19;NULL
1036;Gautier;Henri;63;36 Rue AJ;henri@tenrac.fr;0600000036;75036;16;16;NULL;16
1037;Masson;Raymond;68;37 Rue AK;raymond@tenrac.fr;0600000037;75037;17;17;21;NULL
1038;Marchand;Roger;70;38 Rue AL;roger@tenrac.fr;0600000038;75038;18;18;NULL;18
1039;Duval;Rene;81;39 Rue AM;rene@tenrac.fr;0600000039;75039;19;19;23;NULL
1040;Denis;Louis;77;40 Rue AN;louis@tenrac.fr;0600000040;75040;20;20;NULL;20
1041;Dumont;Leon;82;41 Rue AO;leon@tenrac.fr;0600000041;75041;1;1;1;NULL
1042;Marie;Paul;60;42 Rue AP;paul2@tenrac.fr;0600000042;75042;2;2;NULL;2
1043;Lemaire;Julien;25;43 Rue AQ;julien@tenrac.fr;0600000043;75043;3;3;3;NULL
1044;Lambert;Antoine;30;44 Rue AR;antoine@tenrac.fr;0600000044;75044;4;4;NULL;4
1045;Picard;Maxime;53;45 Rue AS;maxime@tenrac.fr;0600000045;75045;5;5;5;NULL
1046;Dupont;Sophie;42;46 Rue AT;sophie@tenrac.fr;0600000046;75046;6;6;NULL;6
1047;Lefebvre;Claire;38;47 Rue AU;claire@tenrac.fr;0600000047;75047;7;7;7;NULL
1048;Girard;Nicolas;45;48 Rue AV;nicolas@tenrac.fr;0600000048;75048;8;8;NULL;8
1049;Bonnet;Marie;33;49 Rue AW;marie@tenrac.fr;0600000049;75049;9;9;9;NULL
1050;Faure;Thomas;29;50 Rue AX;thomas@tenrac.fr;0600000050;75050;10;10;NULL;10
1051;Morel;Julie;47;51 Rue AY;julie@tenrac.fr;0600000051;75051;11;11;11;NULL
1052;Roux;Elodie;35;52 Rue AZ;elodie@tenrac.fr;0600000052;75052;12;12;NULL;12
1053;Simon;Kevin;28;53 Rue BA;kevin@tenrac.fr;0600000053;75053;13;13;13;NULL
1054;Michel;Laura;31;54 Rue BB;laura@tenrac.fr;0600000054;75054;14;14;NULL;14
1055;Lefebvre;David;43;55 Rue BC;david@tenrac.fr;0600000055;75055;15;15;15;NULL
1056;Mercier;Bruno;51;56 Rue BD;bruno2@tenrac.fr;0600000056;75056;16;16;NULL;16
1057;Chevalier;Alice;26;57 Rue BE;alice@tenrac.fr;0600000057;75057;17;17;17;NULL
1058;Fontaine;Romain;37;58 Rue BF;romain@tenrac.fr;0600000058;75058;18;18;NULL;18
1059;Bertrand;Florian;44;59 Rue BG;florian@tenrac.fr;0600000059;75059;19;19;19;NULL
1060;Giraud;Melanie;32;60 Rue BH;melanie@tenrac.fr;0600000060;75060;20;20;NULL;20
1061;Picard;Sebastien;48;61 Rue BI;sebastien@tenrac.fr;0600000061;75061;1;1;21;NULL
1062;Blanc;Veronique;54;62 Rue BJ;veronique@tenrac.fr;0600000062;75062;2;2;NULL;2
1063;Guerin;Christophe;40;63 Rue BK;christophe@tenrac.fr;0600000063;75063;3;3;23;NULL
1064;Perrin;Laetitia;28;64 Rue BL;laetitia@tenrac.fr;0600000064;75064;4;4;NULL;4
1065;Renard;Guillaume;63;65 Rue BM;guillaume@tenrac.fr;0600000065;75065;5;5;25;NULL
1066;Clement;Patricia;49;66 Rue BN;patricia@tenrac.fr;0600000066;75066;6;6;NULL;6
1067;Gauthier;Alexis;35;67 Rue BO;alexis@tenrac.fr;0600000067;75067;7;7;27;NULL
1068;Robin;Manon;30;68 Rue BP;manon@tenrac.fr;0600000068;75068;8;8;NULL;8
1069;Henry;Olivier;56;69 Rue BQ;olivier@tenrac.fr;0600000069;75069;9;9;29;NULL
1070;Dupuis;Anais;42;70 Rue BR;anais@tenrac.fr;0600000070;75070;10;10;NULL;10
1071;Leclerc;Maxime;38;71 Rue BS;maxime2@tenrac.fr;0600000071;75071;11;11;31;NULL
1072;Fournier;Camille;25;72 Rue BT;camille@tenrac.fr;0600000072;75072;12;12;NULL;12
1073;Marchand;Theo;47;73 Rue BU;theo@tenrac.fr;0600000073;75073;13;13;33;NULL
1074;Lebrun;Ines;33;74 Rue BV;ines@tenrac.fr;0600000074;75074;14;14;NULL;14
1075;Noel;Franck;58;75 Rue BW;franck@tenrac.fr;0600000075;75075;15;15;35;NULL
1076;Royer;Audrey;44;76 Rue BX;audrey@tenrac.fr;0600000076;75076;16;16;NULL;16
1077;Maillard;Baptiste;29;77 Rue BY;baptiste@tenrac.fr;0600000077;75077;17;17;37;NULL
1078;Lepage;Charlene;51;78 Rue BZ;charlene@tenrac.fr;0600000078;75078;18;18;NULL;18
1079;Caron;Damien;36;79 Rue CA;damien@tenrac.fr;0600000079;75079;19;19;39;NULL
1080;Aubert;Pauline;43;80 Rue CB;pauline@tenrac.fr;0600000080;75080;20;20;NULL;20
1081;Delaunay;Hugo;27;81 Rue CC;hugo@tenrac.fr;0600000081;75081;1;1;41;NULL
1082;Meunier;Estelle;52;82 Rue CD;estelle@tenrac.fr;0600000082;75082;2;2;NULL;2
1083;Tessier;Lionel;39;83 Rue CE;lionel@tenrac.fr;0600000083;75083;3;3;43;NULL
1084;Durand;Sophie;46;84 Rue CF;sophie2@tenrac.fr;0600000084;75084;4;4;NULL;4
1085;Lefevre;Antoine;34;85 Rue CG;antoine2@tenrac.fr;0600000085;75085;5;5;45;NULL
1086;Giraud;Lucie;41;86 Rue CH;lucie@tenrac.fr;0600000086;75086;6;6;NULL;6
1087;Arnaud;Celine;57;87 Rue CI;celine@tenrac.fr;0600000087;75087;7;7;47;NULL
1088;Dupuy;Marc;63;88 Rue CJ;marc2@tenrac.fr;0600000088;75088;8;8;NULL;8
1089;Vidal;Nathalie;49;89 Rue CK;nathalie@tenrac.fr;0600000089;75089;9;9;49;NULL
1090;Gros;Pierre;55;90 Rue CL;pierre2@tenrac.fr;0600000090;75090;10;10;NULL;10
1091;Barbier;Julie;31;91 Rue CM;julie2@tenrac.fr;0600000091;75091;11;11;51;NULL
1092;Remy;Thomas;44;92 Rue CN;thomas2@tenrac.fr;0600000092;75092;12;12;NULL;12
1093;Legrand;Isabelle;38;93 Rue CO;isabelle@tenrac.fr;0600000093;75093;13;13;53;NULL
1094;Perrot;David;52;94 Rue CP;david2@tenrac.fr;0600000094;75094;14;14;NULL;14
1095;Masse;Elodie;27;95 Rue CQ;elodie2@tenrac.fr;0600000095;75095;15;15;55;NULL
1096;Huet;Paul;36;96 Rue CR;paul3@tenrac.fr;0600000096;75096;16;16;NULL;16
1097;Brun;Laura;48;97 Rue CS;laura2@tenrac.fr;0600000097;75097;17;17;57;NULL
1098;Lacroix;Kevin;33;98 Rue CT;kevin2@tenrac.fr;0600000098;75098;18;18;NULL;18
1099;Martel;Sandra;57;99 Rue CU;sandra@tenrac.fr;0600000099;75099;19;19;59;NULL
1100;Masson;Bruno;45;100 Rue CV;bruno3@tenrac.fr;0600000100;75100;20;20;NULL;20
